{
  "project_info": {
    "project_number": "789308526694",
    "project_id": "classtrackr-93d76",
    "storage_bucket": "classtrackr-93d76.appspot.com"
  },
  "client": [
    {
      "client_info": {
        "mobilesdk_app_id": "1:789308526694:android:d1e6c31f363a528e025da7",
        "android_client_info": {
          "package_name": "com.classtrackr"
        }
      },
      "oauth_client": [],
      "api_key": [
        {
          "current_key": "AIzaSyBH3KzLFbvp9bD3MkZYZrjWlBGn5fcJecI"
        }
      ],
      "services": {
        "appinvite_service": {
          "other_platform_oauth_client": []
        }
      }
    }
  ],
  "configuration_version": "1"
}